{"cameraMode":{"drawMode":0,"name":"Shaded","section":"Shading Mode"},"sceneLighting":true,"audioPlay":false,"sceneViewState":{"showFog":true,"showMaterialUpdate":false,"showSkybox":true,"showFlares":true,"showImageEffects":true,"showParticleSystems":true},"in2DMode":false,"pivot":{"x":-64.39619445800781,"y":1.6844849586486817,"z":-89.71137237548828},"rotation":{"x":-0.0019896815065294506,"y":0.9784632325172424,"z":-0.00969640165567398,"w":-0.20638945698738099},"size":75.50881958007813,"orthographic":false}